id,organisation_id,created_at,updated_at
1,1,2024-10-09 18:21:21.517041,2024-10-09 18:21:21.518604
2,2,2024-10-09 18:21:21.517041,2024-10-09 18:21:21.518604
3,3,2024-10-09 18:21:21.517041,2024-10-09 18:21:21.518604
4,4,2024-10-09 18:21:21.517041,2024-10-09 18:21:21.518604
5,5,2024-10-09 18:21:21.517041,2024-10-09 18:21:21.518604
6,6,2024-10-09 18:21:21.517041,2024-10-09 18:21:21.518604
7,7,2024-10-09 18:21:21.517041,2024-10-09 18:21:21.518604
8,8,2024-10-09 18:21:21.517041,2024-10-09 18:21:21.518604
9,9,2024-10-09 18:21:21.517041,2024-10-09 18:21:21.518604
10,10,2024-10-09 18:21:21.517041,2024-10-09 18:21:21.518604
